<?xml version="1.0" encoding="UTF-8" standalone="no"?>
<project>
    	
    <configuration id="com.arm.eclipse.build.config.baremetal.exe.debug.base.var.arm_compiler_5-5.601830787" name="Debug">
        		
        <extension point="org.eclipse.cdt.core.LanguageSettingsProvider">
            			
            <provider copy-of="extension" id="org.eclipse.cdt.ui.UserLanguageSettingsProvider"/>
            			
            <provider-reference id="org.eclipse.cdt.core.ReferencedProjectsLanguageSettingsProvider" ref="shared-provider"/>
            			
            <provider-reference id="org.eclipse.cdt.managedbuilder.core.MBSLanguageSettingsProvider" ref="shared-provider"/>
            			
            <provider class="com.arm.eclipse.builder.armcc.discovery.ArmCompiler5LanguageSettingsProvider" console="false" env-hash="-451237519159410845" id="com.arm.eclipse.builder.armcc.v5.langprovider" keep-relative-paths="false" name="Arm Compiler 5 Built-in Compiler Settings" parameter="${COMMAND} ${FLAGS} --list-macros &quot;${INPUTS}&quot;" prefer-non-shared="true">
                				
                <language-scope id="com.arm.eclipse.builder.armcc.lang.c"/>
                				
                <language-scope id="com.arm.eclipse.builder.armcc.lang.cpp"/>
                			
            </provider>
            		
        </extension>
        	
    </configuration>
    	
    <configuration id="com.arm.eclipse.build.config.baremetal.exe.release.base.var.arm_compiler_5-5.468986629" name="Release">
        		
        <extension point="org.eclipse.cdt.core.LanguageSettingsProvider">
            			
            <provider copy-of="extension" id="org.eclipse.cdt.ui.UserLanguageSettingsProvider"/>
            			
            <provider-reference id="org.eclipse.cdt.core.ReferencedProjectsLanguageSettingsProvider" ref="shared-provider"/>
            			
            <provider-reference id="org.eclipse.cdt.managedbuilder.core.MBSLanguageSettingsProvider" ref="shared-provider"/>
            			
            <provider class="com.arm.eclipse.builder.armcc.discovery.ArmCompiler5LanguageSettingsProvider" console="false" env-hash="-543091852091711743" id="com.arm.eclipse.builder.armcc.v5.langprovider" keep-relative-paths="false" name="Arm Compiler 5 Built-in Compiler Settings" parameter="${COMMAND} ${FLAGS} --list-macros &quot;${INPUTS}&quot;" prefer-non-shared="true">
                				
                <language-scope id="com.arm.eclipse.builder.armcc.lang.c"/>
                				
                <language-scope id="com.arm.eclipse.builder.armcc.lang.cpp"/>
                			
            </provider>
            		
        </extension>
        	
    </configuration>
    
</project>
